acousticness,analysis_url,artist_followers,artist_genres,artist_name,artist_popularity,danceability,duration_ms,energy,error,id,instrumentalness,key,liveness,loudness,lyrics,lyrics_url,mode,song_album,song_explicit,song_id,song_popularity,song_preview_url,song_title,speechiness,tempo,time_signature,track_href,type,uri,valence
0.258,https://api.spotify.com/v1/audio-analysis/3ee8Jmje8o58CHK66QrVC2,15222067,"['emo rap', 'miami hip hop']",XXXTENTACION,91,0.74,166606,0.613,"{'status': 401, 'message': 'Invalid access token'}",3ee8Jmje8o58CHK66QrVC2,0.00372,8,0.123,-4.88,"  [intro: shiloh dynasty] i know you so well, so well i mean, i can do anything that he can i've been pretty—  [bridge: xxxtentacion & shiloh dynasty] i know you're somewhere, somewhere i've been trapped in my mind, girl, just holding on i don't wanna pretend we're something, we're nothing i've been stuck thinking 'bout her, i can't hold on (i'll be feeling)  [verse: xxxtentacion] i'm in pain, wanna put ten shots in my brain i've been trippin' 'bout some things, can't change suicidal, same time i'm tame picture this, in bed, get a phone call girl that you fucked with killed herself that was this summer when nobody helped and ever since then, man, i hate myself wanna fuckin' end it, pessimistic all wanna see me with no pot to piss in but niggas been excited 'bout the grave i'm diggin' havin' conversations 'bout my haste decisions fuckin' sickenin'; at the same time memories surface through the grapevine 'bout my uncle playin' with a slip knot post-traumatic stress got me fucked up been fucked up since the couple months they had a nigga locked up  [chorus: xxxtentacion & shiloh dynasty] i'll be feelin' pain, i'll be feelin' pain just to hold on and i don't feel the same, i'm so numb i'll be feelin' pain, i'll be feelin' pain just to hold on and i don't feel the same, i'm so numb  [outro: shiloh dynasty] i know you so well (i know you, girl) i mean, i can do better than he can i've been pretty— i know you so well  ",https://api.spotify.com/v1/Xxxtentacion-jocelyn-flores-lyrics,1,17,True,7m9OqQk4RVRkw9JJdeAw96,84,https://p.scdn.co/mp3-preview/9fd5ccc86f318c303d582800e9f7d6f07f40440b?cid=774b29d4f13844c495f206cafdad9c86,Jocelyn Flores,0.145,75.023,4,https://api.spotify.com/v1/tracks/3ee8Jmje8o58CHK66QrVC2,audio_features,spotify:track:3ee8Jmje8o58CHK66QrVC2,0.473
0.258,https://api.spotify.com/v1/audio-analysis/3ee8Jmje8o58CHK66QrVC2,15222067,"['emo rap', 'miami hip hop']",XXXTENTACION,91,0.74,166606,0.613,"{'status': 401, 'message': 'Invalid access token'}",3ee8Jmje8o58CHK66QrVC2,0.00372,8,0.123,-4.88,"  [intro: shiloh dynasty] i know you so well, so well i mean, i can do anything that he can i've been pretty—  [bridge: xxxtentacion & shiloh dynasty] i know you're somewhere, somewhere i've been trapped in my mind, girl, just holding on i don't wanna pretend we're something, we're nothing i've been stuck thinking 'bout her, i can't hold on (i'll be feeling)  [verse: xxxtentacion] i'm in pain, wanna put ten shots in my brain i've been trippin' 'bout some things, can't change suicidal, same time i'm tame picture this, in bed, get a phone call girl that you fucked with killed herself that was this summer when nobody helped and ever since then, man, i hate myself wanna fuckin' end it, pessimistic all wanna see me with no pot to piss in but niggas been excited 'bout the grave i'm diggin' havin' conversations 'bout my haste decisions fuckin' sickenin'; at the same time memories surface through the grapevine 'bout my uncle playin' with a slip knot post-traumatic stress got me fucked up been fucked up since the couple months they had a nigga locked up  [chorus: xxxtentacion & shiloh dynasty] i'll be feelin' pain, i'll be feelin' pain just to hold on and i don't feel the same, i'm so numb i'll be feelin' pain, i'll be feelin' pain just to hold on and i don't feel the same, i'm so numb  [outro: shiloh dynasty] i know you so well (i know you, girl) i mean, i can do better than he can i've been pretty— i know you so well  ",https://api.spotify.com/v1/Xxxtentacion-jocelyn-flores-lyrics,1,17,True,7m9OqQk4RVRkw9JJdeAw96,84,https://p.scdn.co/mp3-preview/9fd5ccc86f318c303d582800e9f7d6f07f40440b?cid=774b29d4f13844c495f206cafdad9c86,Jocelyn Flores,0.145,75.023,4,https://api.spotify.com/v1/tracks/3ee8Jmje8o58CHK66QrVC2,audio_features,spotify:track:3ee8Jmje8o58CHK66QrVC2,0.473
0.258,https://api.spotify.com/v1/audio-analysis/3ee8Jmje8o58CHK66QrVC2,15222067,"['emo rap', 'miami hip hop']",XXXTENTACION,91,0.74,166606,0.613,"{'status': 401, 'message': 'Invalid access token'}",3ee8Jmje8o58CHK66QrVC2,0.00372,8,0.123,-4.88,"  [intro: shiloh dynasty] i know you so well, so well i mean, i can do anything that he can i've been pretty—  [bridge: xxxtentacion & shiloh dynasty] i know you're somewhere, somewhere i've been trapped in my mind, girl, just holding on i don't wanna pretend we're something, we're nothing i've been stuck thinking 'bout her, i can't hold on (i'll be feeling)  [verse: xxxtentacion] i'm in pain, wanna put ten shots in my brain i've been trippin' 'bout some things, can't change suicidal, same time i'm tame picture this, in bed, get a phone call girl that you fucked with killed herself that was this summer when nobody helped and ever since then, man, i hate myself wanna fuckin' end it, pessimistic all wanna see me with no pot to piss in but niggas been excited 'bout the grave i'm diggin' havin' conversations 'bout my haste decisions fuckin' sickenin'; at the same time memories surface through the grapevine 'bout my uncle playin' with a slip knot post-traumatic stress got me fucked up been fucked up since the couple months they had a nigga locked up  [chorus: xxxtentacion & shiloh dynasty] i'll be feelin' pain, i'll be feelin' pain just to hold on and i don't feel the same, i'm so numb i'll be feelin' pain, i'll be feelin' pain just to hold on and i don't feel the same, i'm so numb  [outro: shiloh dynasty] i know you so well (i know you, girl) i mean, i can do better than he can i've been pretty— i know you so well  ",https://api.spotify.com/v1/Xxxtentacion-jocelyn-flores-lyrics,1,17,True,7m9OqQk4RVRkw9JJdeAw96,84,https://p.scdn.co/mp3-preview/9fd5ccc86f318c303d582800e9f7d6f07f40440b?cid=774b29d4f13844c495f206cafdad9c86,Jocelyn Flores,0.145,75.023,4,https://api.spotify.com/v1/tracks/3ee8Jmje8o58CHK66QrVC2,audio_features,spotify:track:3ee8Jmje8o58CHK66QrVC2,0.473
0.193,https://api.spotify.com/v1/audio-analysis/1rqqCSm0Qe4I9rUvWncaom,7903575,"['baroque pop', 'emo', 'modern rock', 'pop punk']",Panic! At The Disco,86,0.579,190947,0.904,"{'status': 401, 'message': 'Invalid access token'}",1rqqCSm0Qe4I9rUvWncaom,0.0,5,0.064,-2.729,"  [verse 1] all my life, been hustlin' and tonight is my appraisal 'cause i'm a hooker sellin' songs and my pimp's a record label this world is full of demons stocks and bonds and bible traders so i do the deed get up and leave a climber and a sadist, yeah  [pre-chorus] are you ready for the sequel? ain't ready for the latest? in the garden of evil i'm gonna be the greatest in a golden cathedral i'll be praying for the faithless and if you lose, boo-hoo  [chorus] hey look ma, i made it hey look ma, i made it everything's comin' up aces, aces if it’s a dream, don't wake me, don't wake me i said, “hey look ma, i made it.”  [verse 2] friends are happy for me or they're honeysuckle phonies then they celebrate my medals or they wanna take my trophies some are loyal soldiers while these other thorns are rosy and if you never know who you can trust then trust me, you'll be lonely, oh  [pre-chorus] are you ready for the sequel? ain't you ready for the latest? in the garden of evil i'm gonna be the greatest in a golden cathedral i'll be praying for the faithless and if you lose, boo-hoo  [chorus] hey look ma, i made it hey look ma, i made it everything's comin' up aces, aces if it's a dream, don't wake me, don't wake me i said, “hey look ma, i made it, i made it.” i said, “hey look ma, i made it, i made it.” i see it, i want it, i take it, take it if it's a dream, don't wake me, don't wake me  [outro] i said, “hey look ma, i made it.” (mama best believe it, mama best believe it) hey look ma, i made it (think i must be dreamin', wide awake and dreamin') hey look ma, i made it (mama best believe it, mama best believe it) hey look ma, i made it (think i must be dreamin') hey look ma, i made it  ",https://api.spotify.com/v1/Panic-at-the-disco-hey-look-ma-i-made-it-lyrics,1,Pray for the Wicked,False,22oEJW6r2rMb9z4IntfyEa,80,https://p.scdn.co/mp3-preview/724c46d8f0fb7ad7277eb244f1f865d33cd1f246?cid=774b29d4f13844c495f206cafdad9c86,"Hey Look Ma, I Made It",0.0618,82.014,4,https://api.spotify.com/v1/tracks/1rqqCSm0Qe4I9rUvWncaom,audio_features,spotify:track:1rqqCSm0Qe4I9rUvWncaom,0.681
0.193,https://api.spotify.com/v1/audio-analysis/1rqqCSm0Qe4I9rUvWncaom,7903575,"['baroque pop', 'emo', 'modern rock', 'pop punk']",Panic! At The Disco,86,0.579,190947,0.904,"{'status': 401, 'message': 'Invalid access token'}",1rqqCSm0Qe4I9rUvWncaom,0.0,5,0.064,-2.729,"  [verse 1] all my life, been hustlin' and tonight is my appraisal 'cause i'm a hooker sellin' songs and my pimp's a record label this world is full of demons stocks and bonds and bible traders so i do the deed get up and leave a climber and a sadist, yeah  [pre-chorus] are you ready for the sequel? ain't ready for the latest? in the garden of evil i'm gonna be the greatest in a golden cathedral i'll be praying for the faithless and if you lose, boo-hoo  [chorus] hey look ma, i made it hey look ma, i made it everything's comin' up aces, aces if it’s a dream, don't wake me, don't wake me i said, “hey look ma, i made it.”  [verse 2] friends are happy for me or they're honeysuckle phonies then they celebrate my medals or they wanna take my trophies some are loyal soldiers while these other thorns are rosy and if you never know who you can trust then trust me, you'll be lonely, oh  [pre-chorus] are you ready for the sequel? ain't you ready for the latest? in the garden of evil i'm gonna be the greatest in a golden cathedral i'll be praying for the faithless and if you lose, boo-hoo  [chorus] hey look ma, i made it hey look ma, i made it everything's comin' up aces, aces if it's a dream, don't wake me, don't wake me i said, “hey look ma, i made it, i made it.” i said, “hey look ma, i made it, i made it.” i see it, i want it, i take it, take it if it's a dream, don't wake me, don't wake me  [outro] i said, “hey look ma, i made it.” (mama best believe it, mama best believe it) hey look ma, i made it (think i must be dreamin', wide awake and dreamin') hey look ma, i made it (mama best believe it, mama best believe it) hey look ma, i made it (think i must be dreamin') hey look ma, i made it  ",https://api.spotify.com/v1/Panic-at-the-disco-hey-look-ma-i-made-it-lyrics,1,Pray for the Wicked,False,22oEJW6r2rMb9z4IntfyEa,80,https://p.scdn.co/mp3-preview/724c46d8f0fb7ad7277eb244f1f865d33cd1f246?cid=774b29d4f13844c495f206cafdad9c86,"Hey Look Ma, I Made It",0.0618,82.014,4,https://api.spotify.com/v1/tracks/1rqqCSm0Qe4I9rUvWncaom,audio_features,spotify:track:1rqqCSm0Qe4I9rUvWncaom,0.681
0.193,https://api.spotify.com/v1/audio-analysis/1rqqCSm0Qe4I9rUvWncaom,7903575,"['baroque pop', 'emo', 'modern rock', 'pop punk']",Panic! At The Disco,86,0.579,190947,0.904,"{'status': 401, 'message': 'Invalid access token'}",1rqqCSm0Qe4I9rUvWncaom,0.0,5,0.064,-2.729,"  [verse 1] all my life, been hustlin' and tonight is my appraisal 'cause i'm a hooker sellin' songs and my pimp's a record label this world is full of demons stocks and bonds and bible traders so i do the deed get up and leave a climber and a sadist, yeah  [pre-chorus] are you ready for the sequel? ain't ready for the latest? in the garden of evil i'm gonna be the greatest in a golden cathedral i'll be praying for the faithless and if you lose, boo-hoo  [chorus] hey look ma, i made it hey look ma, i made it everything's comin' up aces, aces if it’s a dream, don't wake me, don't wake me i said, “hey look ma, i made it.”  [verse 2] friends are happy for me or they're honeysuckle phonies then they celebrate my medals or they wanna take my trophies some are loyal soldiers while these other thorns are rosy and if you never know who you can trust then trust me, you'll be lonely, oh  [pre-chorus] are you ready for the sequel? ain't you ready for the latest? in the garden of evil i'm gonna be the greatest in a golden cathedral i'll be praying for the faithless and if you lose, boo-hoo  [chorus] hey look ma, i made it hey look ma, i made it everything's comin' up aces, aces if it's a dream, don't wake me, don't wake me i said, “hey look ma, i made it, i made it.” i said, “hey look ma, i made it, i made it.” i see it, i want it, i take it, take it if it's a dream, don't wake me, don't wake me  [outro] i said, “hey look ma, i made it.” (mama best believe it, mama best believe it) hey look ma, i made it (think i must be dreamin', wide awake and dreamin') hey look ma, i made it (mama best believe it, mama best believe it) hey look ma, i made it (think i must be dreamin') hey look ma, i made it  ",https://api.spotify.com/v1/Panic-at-the-disco-hey-look-ma-i-made-it-lyrics,1,Pray for the Wicked,False,22oEJW6r2rMb9z4IntfyEa,80,https://p.scdn.co/mp3-preview/724c46d8f0fb7ad7277eb244f1f865d33cd1f246?cid=774b29d4f13844c495f206cafdad9c86,"Hey Look Ma, I Made It",0.0618,82.014,4,https://api.spotify.com/v1/tracks/1rqqCSm0Qe4I9rUvWncaom,audio_features,spotify:track:1rqqCSm0Qe4I9rUvWncaom,0.681
0.088,https://api.spotify.com/v1/audio-analysis/2l8nEO0vsTRCRnGqQty6qx,4229619,['emo rap'],6ix9ine,82,0.931,179405,0.387,"{'status': 401, 'message': 'Invalid access token'}",2l8nEO0vsTRCRnGqQty6qx,0.0,1,0.136,-9.127,"  [chorus: tory lanez] bitch, we in the city on that hot shit lookin' for a bitty on that thot shit y’all ain't gettin' money, nigga, stop this i been ’round the globe talkin' hot shit i do my own stunts, jackie chan with it i do my own stunts, jackie chan with it i do my own stunts, jackie chan with it i do my own stunts, jackie chan with it bitch, we in the city on that hot shit lookin' for a bitty on that thot shit y'all ain't gettin' money, nigga, stop this i been 'round the globe talkin' hot shit i do my own stunts, jackie chan with it i do my own stunts, jackie chan with it i do my own stunts, jackie chan with it i do my own stunts, jackie chan with it  [verse 1: 6ix9ine] i do my own shit, i don’t need 50 niggas to roll with folk shit, i’m on my doley, i'm on my boss shit i do my own shit, fuck all them niggas i used to roll with i know you used to see me with niggas, but that’s that old shit real nigga, quick to pull a fucking trigger fed nigga's definition of a real nigga fuck nigga, quick to fuckin' hate, nigga bitch nigga, definition of a bitch nigga now wildin', ready for all the violence i don’t need a nigga jacking that he riding i got this four fifth, this shit all up on my hip i blow that shit, now you where bobby shmurda's hat went!  [chorus: tory lanez] bitch, we in the city on that hot shit lookin' for a bitty on that thot shit y'all ain't gettin' money, nigga, stop this i been 'round the globe talkin' hot shit i do my own stunts, jackie chan with it i do my own stunts, jackie chan with it i do my own stunts, jackie chan with it i do my own stunts, jackie chan with it  [verse 2: 6ix9ine] kick her out, i'm gettin' money now, actin' funny now thought she love me, but she only tryna fuck me for the clout saw the patek all bust down, charter run down bitch hit me on a touchdown, but i curved it they be beggin' me to keep the bitch, but i don't need the bitch ray charles, john cena shit, i can't see the bitch in the dm sendin' naked pics, uber that bitch but i send her in the pool even though i'm rich as shit  [outro: tory lanez] it's fuckin' tr— oh wait, i forgot you can't say that shit you can go start with everything else that start with a t, though it's fuckin' trojan it's fuckin' target it's fuckin'— hahahaha  ",https://api.spotify.com/v1/6ix9ine-kika-lyrics,1,DUMMY BOY,True,6VRwEqn7BvsN0dChfDrMAf,76,https://p.scdn.co/mp3-preview/4da565a9504f5181f3495a36847da1fa9cbe6641?cid=774b29d4f13844c495f206cafdad9c86,KIKA,0.412,125.978,4,https://api.spotify.com/v1/tracks/2l8nEO0vsTRCRnGqQty6qx,audio_features,spotify:track:2l8nEO0vsTRCRnGqQty6qx,0.376
0.088,https://api.spotify.com/v1/audio-analysis/2l8nEO0vsTRCRnGqQty6qx,4229619,['emo rap'],6ix9ine,82,0.931,179405,0.387,"{'status': 401, 'message': 'Invalid access token'}",2l8nEO0vsTRCRnGqQty6qx,0.0,1,0.136,-9.127,"  [chorus: tory lanez] bitch, we in the city on that hot shit lookin' for a bitty on that thot shit y’all ain't gettin' money, nigga, stop this i been ’round the globe talkin' hot shit i do my own stunts, jackie chan with it i do my own stunts, jackie chan with it i do my own stunts, jackie chan with it i do my own stunts, jackie chan with it bitch, we in the city on that hot shit lookin' for a bitty on that thot shit y'all ain't gettin' money, nigga, stop this i been 'round the globe talkin' hot shit i do my own stunts, jackie chan with it i do my own stunts, jackie chan with it i do my own stunts, jackie chan with it i do my own stunts, jackie chan with it  [verse 1: 6ix9ine] i do my own shit, i don’t need 50 niggas to roll with folk shit, i’m on my doley, i'm on my boss shit i do my own shit, fuck all them niggas i used to roll with i know you used to see me with niggas, but that’s that old shit real nigga, quick to pull a fucking trigger fed nigga's definition of a real nigga fuck nigga, quick to fuckin' hate, nigga bitch nigga, definition of a bitch nigga now wildin', ready for all the violence i don’t need a nigga jacking that he riding i got this four fifth, this shit all up on my hip i blow that shit, now you where bobby shmurda's hat went!  [chorus: tory lanez] bitch, we in the city on that hot shit lookin' for a bitty on that thot shit y'all ain't gettin' money, nigga, stop this i been 'round the globe talkin' hot shit i do my own stunts, jackie chan with it i do my own stunts, jackie chan with it i do my own stunts, jackie chan with it i do my own stunts, jackie chan with it  [verse 2: 6ix9ine] kick her out, i'm gettin' money now, actin' funny now thought she love me, but she only tryna fuck me for the clout saw the patek all bust down, charter run down bitch hit me on a touchdown, but i curved it they be beggin' me to keep the bitch, but i don't need the bitch ray charles, john cena shit, i can't see the bitch in the dm sendin' naked pics, uber that bitch but i send her in the pool even though i'm rich as shit  [outro: tory lanez] it's fuckin' tr— oh wait, i forgot you can't say that shit you can go start with everything else that start with a t, though it's fuckin' trojan it's fuckin' target it's fuckin'— hahahaha  ",https://api.spotify.com/v1/6ix9ine-kika-lyrics,1,DUMMY BOY,True,6VRwEqn7BvsN0dChfDrMAf,76,https://p.scdn.co/mp3-preview/4da565a9504f5181f3495a36847da1fa9cbe6641?cid=774b29d4f13844c495f206cafdad9c86,KIKA,0.412,125.978,4,https://api.spotify.com/v1/tracks/2l8nEO0vsTRCRnGqQty6qx,audio_features,spotify:track:2l8nEO0vsTRCRnGqQty6qx,0.376
0.088,https://api.spotify.com/v1/audio-analysis/2l8nEO0vsTRCRnGqQty6qx,4229619,['emo rap'],6ix9ine,82,0.931,179405,0.387,"{'status': 401, 'message': 'Invalid access token'}",2l8nEO0vsTRCRnGqQty6qx,0.0,1,0.136,-9.127,"  [chorus: tory lanez] bitch, we in the city on that hot shit lookin' for a bitty on that thot shit y’all ain't gettin' money, nigga, stop this i been ’round the globe talkin' hot shit i do my own stunts, jackie chan with it i do my own stunts, jackie chan with it i do my own stunts, jackie chan with it i do my own stunts, jackie chan with it bitch, we in the city on that hot shit lookin' for a bitty on that thot shit y'all ain't gettin' money, nigga, stop this i been 'round the globe talkin' hot shit i do my own stunts, jackie chan with it i do my own stunts, jackie chan with it i do my own stunts, jackie chan with it i do my own stunts, jackie chan with it  [verse 1: 6ix9ine] i do my own shit, i don’t need 50 niggas to roll with folk shit, i’m on my doley, i'm on my boss shit i do my own shit, fuck all them niggas i used to roll with i know you used to see me with niggas, but that’s that old shit real nigga, quick to pull a fucking trigger fed nigga's definition of a real nigga fuck nigga, quick to fuckin' hate, nigga bitch nigga, definition of a bitch nigga now wildin', ready for all the violence i don’t need a nigga jacking that he riding i got this four fifth, this shit all up on my hip i blow that shit, now you where bobby shmurda's hat went!  [chorus: tory lanez] bitch, we in the city on that hot shit lookin' for a bitty on that thot shit y'all ain't gettin' money, nigga, stop this i been 'round the globe talkin' hot shit i do my own stunts, jackie chan with it i do my own stunts, jackie chan with it i do my own stunts, jackie chan with it i do my own stunts, jackie chan with it  [verse 2: 6ix9ine] kick her out, i'm gettin' money now, actin' funny now thought she love me, but she only tryna fuck me for the clout saw the patek all bust down, charter run down bitch hit me on a touchdown, but i curved it they be beggin' me to keep the bitch, but i don't need the bitch ray charles, john cena shit, i can't see the bitch in the dm sendin' naked pics, uber that bitch but i send her in the pool even though i'm rich as shit  [outro: tory lanez] it's fuckin' tr— oh wait, i forgot you can't say that shit you can go start with everything else that start with a t, though it's fuckin' trojan it's fuckin' target it's fuckin'— hahahaha  ",https://api.spotify.com/v1/6ix9ine-kika-lyrics,1,DUMMY BOY,True,6VRwEqn7BvsN0dChfDrMAf,76,https://p.scdn.co/mp3-preview/4da565a9504f5181f3495a36847da1fa9cbe6641?cid=774b29d4f13844c495f206cafdad9c86,KIKA,0.412,125.978,4,https://api.spotify.com/v1/tracks/2l8nEO0vsTRCRnGqQty6qx,audio_features,spotify:track:2l8nEO0vsTRCRnGqQty6qx,0.376
0.179,https://api.spotify.com/v1/audio-analysis/7Feaw9WAEREY0DUOSXJLOM,7048315,"['emo', 'modern rock', 'pop punk']",Fall Out Boy,84,0.661,163805,0.723,"{'status': 401, 'message': 'Invalid access token'}",7Feaw9WAEREY0DUOSXJLOM,1.23e-05,5,0.14,-6.976,"  [verse 1] am i more than you bargained for yet? i've been dying to tell you anything you want to hear 'cause that's just who i am this week lie in the grass, next to the mausoleum i'm just a notch in your bedpost but you're just a line in a song (notch in your bedpost but you're just a line in a song)  [pre-chorus] drop a heart, break a name we're always sleeping in and sleeping for the wrong team  [chorus] we're going down, down in an earlier round and sugar, we're going down swinging i'll be your number one with a bullet a loaded god complex, cock it and pull it we're going down, down in an earlier round and sugar, we're going down swinging i'll be your number one with a bullet a loaded god complex, cock it and pull it  [verse 2] is this more than you bargained for yet? oh, don't mind me, i'm watching you two from the closet wishing to be the friction in your jeans isn't it messed up how i'm just dying to be him? i'm just a notch in your bedpost but you're just a line in a song (notch in your bedpost but you're just a line in a song)  [pre-chorus] drop a heart, break a name we're always sleeping in and sleeping for the wrong team  [chorus] we're going down, down in an earlier round and sugar, we're going down swinging i'll be your number one with a bullet a loaded god complex, cock it and pull it we're going down, down in an earlier round and sugar, we're going down swinging i'll be your number one with a bullet a loaded god complex, cock it and pull it  [chorus] down, down in an earlier round and sugar, we're going down swinging i'll be your number one with a bullet a loaded god complex, cock it and pull it we're going down, down in an earlier round (take aim at myself) and sugar, we're going down swinging (take back what you said) i'll be your number one with a bullet (take aim at myself) a loaded god complex, cock it and pull it  [bridge] we're going down, down (down, down) down, down (down, down) we're going down, down (down, down) a loaded god complex, cock it and pull it  [outro/chorus] we're going down, down in an earlier round (take aim at myself) and sugar, we're going down swinging (take back what you said) i'll be your number one with a bullet (take aim at myself) a loaded god complex, cock it and pull it  ",https://api.spotify.com/v1/Fall-out-boy-sugar-were-goin-down-lyrics,0,From Under The Cork Tree,False,2TfSHkHiFO4gRztVIkggkE,77,https://p.scdn.co/mp3-preview/9366facdbc9cf2b515e3c067dfdf61eeaea9ac3b?cid=774b29d4f13844c495f206cafdad9c86,"Sugar, We're Goin Down",0.0566,113.778,4,https://api.spotify.com/v1/tracks/7Feaw9WAEREY0DUOSXJLOM,audio_features,spotify:track:7Feaw9WAEREY0DUOSXJLOM,0.316
0.179,https://api.spotify.com/v1/audio-analysis/7Feaw9WAEREY0DUOSXJLOM,7048315,"['emo', 'modern rock', 'pop punk']",Fall Out Boy,84,0.661,163805,0.723,"{'status': 401, 'message': 'Invalid access token'}",7Feaw9WAEREY0DUOSXJLOM,1.23e-05,5,0.14,-6.976,"  [verse 1] am i more than you bargained for yet? i've been dying to tell you anything you want to hear 'cause that's just who i am this week lie in the grass, next to the mausoleum i'm just a notch in your bedpost but you're just a line in a song (notch in your bedpost but you're just a line in a song)  [pre-chorus] drop a heart, break a name we're always sleeping in and sleeping for the wrong team  [chorus] we're going down, down in an earlier round and sugar, we're going down swinging i'll be your number one with a bullet a loaded god complex, cock it and pull it we're going down, down in an earlier round and sugar, we're going down swinging i'll be your number one with a bullet a loaded god complex, cock it and pull it  [verse 2] is this more than you bargained for yet? oh, don't mind me, i'm watching you two from the closet wishing to be the friction in your jeans isn't it messed up how i'm just dying to be him? i'm just a notch in your bedpost but you're just a line in a song (notch in your bedpost but you're just a line in a song)  [pre-chorus] drop a heart, break a name we're always sleeping in and sleeping for the wrong team  [chorus] we're going down, down in an earlier round and sugar, we're going down swinging i'll be your number one with a bullet a loaded god complex, cock it and pull it we're going down, down in an earlier round and sugar, we're going down swinging i'll be your number one with a bullet a loaded god complex, cock it and pull it  [chorus] down, down in an earlier round and sugar, we're going down swinging i'll be your number one with a bullet a loaded god complex, cock it and pull it we're going down, down in an earlier round (take aim at myself) and sugar, we're going down swinging (take back what you said) i'll be your number one with a bullet (take aim at myself) a loaded god complex, cock it and pull it  [bridge] we're going down, down (down, down) down, down (down, down) we're going down, down (down, down) a loaded god complex, cock it and pull it  [outro/chorus] we're going down, down in an earlier round (take aim at myself) and sugar, we're going down swinging (take back what you said) i'll be your number one with a bullet (take aim at myself) a loaded god complex, cock it and pull it  ",https://api.spotify.com/v1/Fall-out-boy-sugar-were-goin-down-lyrics,0,From Under The Cork Tree,False,2TfSHkHiFO4gRztVIkggkE,77,https://p.scdn.co/mp3-preview/9366facdbc9cf2b515e3c067dfdf61eeaea9ac3b?cid=774b29d4f13844c495f206cafdad9c86,"Sugar, We're Goin Down",0.0566,113.778,4,https://api.spotify.com/v1/tracks/7Feaw9WAEREY0DUOSXJLOM,audio_features,spotify:track:7Feaw9WAEREY0DUOSXJLOM,0.316
0.179,https://api.spotify.com/v1/audio-analysis/7Feaw9WAEREY0DUOSXJLOM,7048315,"['emo', 'modern rock', 'pop punk']",Fall Out Boy,84,0.661,163805,0.723,"{'status': 401, 'message': 'Invalid access token'}",7Feaw9WAEREY0DUOSXJLOM,1.23e-05,5,0.14,-6.976,"  [verse 1] am i more than you bargained for yet? i've been dying to tell you anything you want to hear 'cause that's just who i am this week lie in the grass, next to the mausoleum i'm just a notch in your bedpost but you're just a line in a song (notch in your bedpost but you're just a line in a song)  [pre-chorus] drop a heart, break a name we're always sleeping in and sleeping for the wrong team  [chorus] we're going down, down in an earlier round and sugar, we're going down swinging i'll be your number one with a bullet a loaded god complex, cock it and pull it we're going down, down in an earlier round and sugar, we're going down swinging i'll be your number one with a bullet a loaded god complex, cock it and pull it  [verse 2] is this more than you bargained for yet? oh, don't mind me, i'm watching you two from the closet wishing to be the friction in your jeans isn't it messed up how i'm just dying to be him? i'm just a notch in your bedpost but you're just a line in a song (notch in your bedpost but you're just a line in a song)  [pre-chorus] drop a heart, break a name we're always sleeping in and sleeping for the wrong team  [chorus] we're going down, down in an earlier round and sugar, we're going down swinging i'll be your number one with a bullet a loaded god complex, cock it and pull it we're going down, down in an earlier round and sugar, we're going down swinging i'll be your number one with a bullet a loaded god complex, cock it and pull it  [chorus] down, down in an earlier round and sugar, we're going down swinging i'll be your number one with a bullet a loaded god complex, cock it and pull it we're going down, down in an earlier round (take aim at myself) and sugar, we're going down swinging (take back what you said) i'll be your number one with a bullet (take aim at myself) a loaded god complex, cock it and pull it  [bridge] we're going down, down (down, down) down, down (down, down) we're going down, down (down, down) a loaded god complex, cock it and pull it  [outro/chorus] we're going down, down in an earlier round (take aim at myself) and sugar, we're going down swinging (take back what you said) i'll be your number one with a bullet (take aim at myself) a loaded god complex, cock it and pull it  ",https://api.spotify.com/v1/Fall-out-boy-sugar-were-goin-down-lyrics,0,From Under The Cork Tree,False,2TfSHkHiFO4gRztVIkggkE,77,https://p.scdn.co/mp3-preview/9366facdbc9cf2b515e3c067dfdf61eeaea9ac3b?cid=774b29d4f13844c495f206cafdad9c86,"Sugar, We're Goin Down",0.0566,113.778,4,https://api.spotify.com/v1/tracks/7Feaw9WAEREY0DUOSXJLOM,audio_features,spotify:track:7Feaw9WAEREY0DUOSXJLOM,0.316
0.0175,https://api.spotify.com/v1/audio-analysis/4jvjzW7Hm0yK4LvvE0Paz9,2570739,"['emo rap', 'lgbtq+ hip hop']",Lil Peep,83,0.669,196400,0.574,"{'status': 401, 'message': 'Invalid access token'}",4jvjzW7Hm0yK4LvvE0Paz9,0.00294,4,0.146,-6.442,"  [verse] wait right here i'll be back in the mornin' i know that i'm not that important to you but to me, girl, you're so much more than gorgeous (yeah) so much more than perfect (yeah) right now i know that i'm not really worth it if you give me time, i could work on it give me some time while i work on it losin' your patience, and, girl, i don't blame you the earth's in rotation, you're waitin' for me (yeah) look at my face when i fuck on your waist 'cause we only have one conversation a week that's why your friends always hatin' on me fuck 'em though, i did this all by myself matter fact, i ain't never asked no one for help and that's why i don't pick up my phone when it rings none of my exes is over lil peep nobody flexin' as much as i be that's why she text me and tell me she love me she know that someday i'll be over the sea makin' my money and smokin' my weed i think it's funny, she open up to me, get comfortable with me once i got it comin', i love her, she love me i know that i'm nothing like someone her family want me to be if i find a way, would you walk it with me? look at my face while you talkin' to me 'cause we only have one conversation a week can i get one conversation at least? shout out to everyone makin' my beats, you helpin' me preach this music's the only thing keepin' the peace when i'm fallin' to pieces  [chorus] look at the sky tonight, all of the stars have a reason a reason to shine, a reason like mine and i'm fallin' to pieces look at the sky tonight, all of the stars have a reason  ",https://api.spotify.com/v1/Lil-peep-star-shopping-lyrics,0,Star Shopping,True,30bqVoKjX479ab90a8Pafp,77,https://p.scdn.co/mp3-preview/dfa622258468d3ec9c71bab0272f9164cc2d0af5?cid=774b29d4f13844c495f206cafdad9c86,Star Shopping,0.0286,120.013,4,https://api.spotify.com/v1/tracks/4jvjzW7Hm0yK4LvvE0Paz9,audio_features,spotify:track:4jvjzW7Hm0yK4LvvE0Paz9,0.273
0.0175,https://api.spotify.com/v1/audio-analysis/4jvjzW7Hm0yK4LvvE0Paz9,2570739,"['emo rap', 'lgbtq+ hip hop']",Lil Peep,83,0.669,196400,0.574,"{'status': 401, 'message': 'Invalid access token'}",4jvjzW7Hm0yK4LvvE0Paz9,0.00294,4,0.146,-6.442,"  [verse] wait right here i'll be back in the mornin' i know that i'm not that important to you but to me, girl, you're so much more than gorgeous (yeah) so much more than perfect (yeah) right now i know that i'm not really worth it if you give me time, i could work on it give me some time while i work on it losin' your patience, and, girl, i don't blame you the earth's in rotation, you're waitin' for me (yeah) look at my face when i fuck on your waist 'cause we only have one conversation a week that's why your friends always hatin' on me fuck 'em though, i did this all by myself matter fact, i ain't never asked no one for help and that's why i don't pick up my phone when it rings none of my exes is over lil peep nobody flexin' as much as i be that's why she text me and tell me she love me she know that someday i'll be over the sea makin' my money and smokin' my weed i think it's funny, she open up to me, get comfortable with me once i got it comin', i love her, she love me i know that i'm nothing like someone her family want me to be if i find a way, would you walk it with me? look at my face while you talkin' to me 'cause we only have one conversation a week can i get one conversation at least? shout out to everyone makin' my beats, you helpin' me preach this music's the only thing keepin' the peace when i'm fallin' to pieces  [chorus] look at the sky tonight, all of the stars have a reason a reason to shine, a reason like mine and i'm fallin' to pieces look at the sky tonight, all of the stars have a reason  ",https://api.spotify.com/v1/Lil-peep-star-shopping-lyrics,0,Star Shopping,True,30bqVoKjX479ab90a8Pafp,77,https://p.scdn.co/mp3-preview/dfa622258468d3ec9c71bab0272f9164cc2d0af5?cid=774b29d4f13844c495f206cafdad9c86,Star Shopping,0.0286,120.013,4,https://api.spotify.com/v1/tracks/4jvjzW7Hm0yK4LvvE0Paz9,audio_features,spotify:track:4jvjzW7Hm0yK4LvvE0Paz9,0.273
0.0175,https://api.spotify.com/v1/audio-analysis/4jvjzW7Hm0yK4LvvE0Paz9,2570739,"['emo rap', 'lgbtq+ hip hop']",Lil Peep,83,0.669,196400,0.574,"{'status': 401, 'message': 'Invalid access token'}",4jvjzW7Hm0yK4LvvE0Paz9,0.00294,4,0.146,-6.442,"  [verse] wait right here i'll be back in the mornin' i know that i'm not that important to you but to me, girl, you're so much more than gorgeous (yeah) so much more than perfect (yeah) right now i know that i'm not really worth it if you give me time, i could work on it give me some time while i work on it losin' your patience, and, girl, i don't blame you the earth's in rotation, you're waitin' for me (yeah) look at my face when i fuck on your waist 'cause we only have one conversation a week that's why your friends always hatin' on me fuck 'em though, i did this all by myself matter fact, i ain't never asked no one for help and that's why i don't pick up my phone when it rings none of my exes is over lil peep nobody flexin' as much as i be that's why she text me and tell me she love me she know that someday i'll be over the sea makin' my money and smokin' my weed i think it's funny, she open up to me, get comfortable with me once i got it comin', i love her, she love me i know that i'm nothing like someone her family want me to be if i find a way, would you walk it with me? look at my face while you talkin' to me 'cause we only have one conversation a week can i get one conversation at least? shout out to everyone makin' my beats, you helpin' me preach this music's the only thing keepin' the peace when i'm fallin' to pieces  [chorus] look at the sky tonight, all of the stars have a reason a reason to shine, a reason like mine and i'm fallin' to pieces look at the sky tonight, all of the stars have a reason  ",https://api.spotify.com/v1/Lil-peep-star-shopping-lyrics,0,Star Shopping,True,30bqVoKjX479ab90a8Pafp,77,https://p.scdn.co/mp3-preview/dfa622258468d3ec9c71bab0272f9164cc2d0af5?cid=774b29d4f13844c495f206cafdad9c86,Star Shopping,0.0286,120.013,4,https://api.spotify.com/v1/tracks/4jvjzW7Hm0yK4LvvE0Paz9,audio_features,spotify:track:4jvjzW7Hm0yK4LvvE0Paz9,0.273
0.000289,https://api.spotify.com/v1/audio-analysis/5wQnmLuC1W7ATsArWACrgW,4206043,"['emo', 'pop punk']",My Chemical Romance,77,0.217,311107,0.905,"{'status': 401, 'message': 'Invalid access token'}",5wQnmLuC1W7ATsArWACrgW,0.00011,2,0.222,-4.103,"  [verse 1] well, if you wanted honesty that's all you had to say i never want to let you down or have you go, it's better off this way for all the dirty looks the photographs your boyfriend took remember when you broke your foot from jumping out the second floor?  [chorus] i'm not okay i'm not okay i'm not okay you wear me out  [verse 2] what will it take to show you that it's not the life it seems? (i'm not okay) i've told you time and time again you sing the words but don't know what it means (i'm not okay) to be a joke and look another line without a hook i held you close as we both shook for the last time, take a good hard look  [chorus] i'm not okay i'm not okay i'm not okay you wear me out  [bridge] forget about the dirty looks the photographs your boyfriend took you said you read me like a book but the pages all are torn and frayed i'm okay, i'm okay, i'm okay now (i'm okay, now) but you really need to listen to me because i'm telling you the truth i mean this, i'm okay! (trust me)  [chorus] i'm not okay i'm not okay well, i'm not okay, i'm not o-fucking-kay i'm not okay i'm not okay  ",https://api.spotify.com/v1/My-chemical-romance-im-not-okay-i-promise-lyrics,1,Three Cheers for Sweet Revenge,True,7lRlq939cDG4SzWOF4VAnd,72,https://p.scdn.co/mp3-preview/b5ad0ef700a456e320076c3000826d0ce050eb6e?cid=774b29d4f13844c495f206cafdad9c86,I'm Not Okay (I Promise),0.0752,96.95,4,https://api.spotify.com/v1/tracks/5wQnmLuC1W7ATsArWACrgW,audio_features,spotify:track:5wQnmLuC1W7ATsArWACrgW,0.236
0.000289,https://api.spotify.com/v1/audio-analysis/5wQnmLuC1W7ATsArWACrgW,4206043,"['emo', 'pop punk']",My Chemical Romance,77,0.217,311107,0.905,"{'status': 401, 'message': 'Invalid access token'}",5wQnmLuC1W7ATsArWACrgW,0.00011,2,0.222,-4.103,"  [verse 1] well, if you wanted honesty that's all you had to say i never want to let you down or have you go, it's better off this way for all the dirty looks the photographs your boyfriend took remember when you broke your foot from jumping out the second floor?  [chorus] i'm not okay i'm not okay i'm not okay you wear me out  [verse 2] what will it take to show you that it's not the life it seems? (i'm not okay) i've told you time and time again you sing the words but don't know what it means (i'm not okay) to be a joke and look another line without a hook i held you close as we both shook for the last time, take a good hard look  [chorus] i'm not okay i'm not okay i'm not okay you wear me out  [bridge] forget about the dirty looks the photographs your boyfriend took you said you read me like a book but the pages all are torn and frayed i'm okay, i'm okay, i'm okay now (i'm okay, now) but you really need to listen to me because i'm telling you the truth i mean this, i'm okay! (trust me)  [chorus] i'm not okay i'm not okay well, i'm not okay, i'm not o-fucking-kay i'm not okay i'm not okay  ",https://api.spotify.com/v1/My-chemical-romance-im-not-okay-i-promise-lyrics,1,Three Cheers for Sweet Revenge,True,7lRlq939cDG4SzWOF4VAnd,72,https://p.scdn.co/mp3-preview/b5ad0ef700a456e320076c3000826d0ce050eb6e?cid=774b29d4f13844c495f206cafdad9c86,I'm Not Okay (I Promise),0.0752,96.95,4,https://api.spotify.com/v1/tracks/5wQnmLuC1W7ATsArWACrgW,audio_features,spotify:track:5wQnmLuC1W7ATsArWACrgW,0.236
0.000289,https://api.spotify.com/v1/audio-analysis/5wQnmLuC1W7ATsArWACrgW,4206043,"['emo', 'pop punk']",My Chemical Romance,77,0.217,311107,0.905,"{'status': 401, 'message': 'Invalid access token'}",5wQnmLuC1W7ATsArWACrgW,0.00011,2,0.222,-4.103,"  [verse 1] well, if you wanted honesty that's all you had to say i never want to let you down or have you go, it's better off this way for all the dirty looks the photographs your boyfriend took remember when you broke your foot from jumping out the second floor?  [chorus] i'm not okay i'm not okay i'm not okay you wear me out  [verse 2] what will it take to show you that it's not the life it seems? (i'm not okay) i've told you time and time again you sing the words but don't know what it means (i'm not okay) to be a joke and look another line without a hook i held you close as we both shook for the last time, take a good hard look  [chorus] i'm not okay i'm not okay i'm not okay you wear me out  [bridge] forget about the dirty looks the photographs your boyfriend took you said you read me like a book but the pages all are torn and frayed i'm okay, i'm okay, i'm okay now (i'm okay, now) but you really need to listen to me because i'm telling you the truth i mean this, i'm okay! (trust me)  [chorus] i'm not okay i'm not okay well, i'm not okay, i'm not o-fucking-kay i'm not okay i'm not okay  ",https://api.spotify.com/v1/My-chemical-romance-im-not-okay-i-promise-lyrics,1,Three Cheers for Sweet Revenge,True,7lRlq939cDG4SzWOF4VAnd,72,https://p.scdn.co/mp3-preview/b5ad0ef700a456e320076c3000826d0ce050eb6e?cid=774b29d4f13844c495f206cafdad9c86,I'm Not Okay (I Promise),0.0752,96.95,4,https://api.spotify.com/v1/tracks/5wQnmLuC1W7ATsArWACrgW,audio_features,spotify:track:5wQnmLuC1W7ATsArWACrgW,0.236
0.0098,https://api.spotify.com/v1/audio-analysis/1yjY7rpaAQvKwpdUliHx0d,4622972,"['candy pop', 'emo', 'pixie', 'pop emo', 'pop punk']",Paramore,78,0.602,216013,0.923,"{'status': 401, 'message': 'Invalid access token'}",1yjY7rpaAQvKwpdUliHx0d,0.0,5,0.0561,-3.763,  [verse 1] all that i want is to wake up fine tell me that i'm all right that i ain't gonna die all that i want is a hole in the ground you can tell me when it’s alright for me to come out  [chorus] (hard times) gonna make you wonder why you even try (hard times) gonna take you down and laugh when you cry (these lives) and i still don't know how i even survive (hard times) (hard times) and i gotta get to rock bottom (oof!)  [verse 2] walking around with my little rain cloud hanging over my head and it ain’t coming down where do i go? gimme some sort of sign you hit me with lightning! maybe i’ll come alive  [chorus] (hard times) gonna make you wonder why you even try (hard times) gonna take you down and laugh when you cry (these lives) and i still don't know how i even survive (hard times) (hard times) and i gotta hit rock bottom (oof!)  [bridge] tell my friends i’m coming down we'll kick it when i hit the ground tell my friends i’m coming down we'll kick it when i hit the ground when i hit the ground when i hit the ground when i hit the ground when i hit the ground  [chorus] (hard times) gonna make you wonder why you even try (hard times) gonna take you down and laugh when you cry (these lives) and i still don't know how i even survive (hard times) hard times (hard times) hard times  (hard times) gonna make you wonder why you even try (hard times) gonna take you down and laugh when you cry (these lives) and i still don't know how i even survive (hard times) hard times (hard times)  [outro] hard times makes you wonder why you even try makes you wonder why you even try makes you wonder why you even try makes you wonder hard times still don't know how i even survive still don't know how i even survive still don't know how i even survive still don't know how i survive and i gotta get to rock bottom (oof!)  ,https://api.spotify.com/v1/Paramore-hard-times-lyrics,1,After Laughter,False,0w5Bdu51Ka25Pf3hojsKHh,71,https://p.scdn.co/mp3-preview/1ae8a68052ecd129428710e12a0be397273d7d97?cid=774b29d4f13844c495f206cafdad9c86,Hard Times,0.044,136.01,4,https://api.spotify.com/v1/tracks/1yjY7rpaAQvKwpdUliHx0d,audio_features,spotify:track:1yjY7rpaAQvKwpdUliHx0d,0.765
0.0098,https://api.spotify.com/v1/audio-analysis/1yjY7rpaAQvKwpdUliHx0d,4622972,"['candy pop', 'emo', 'pixie', 'pop emo', 'pop punk']",Paramore,78,0.602,216013,0.923,"{'status': 401, 'message': 'Invalid access token'}",1yjY7rpaAQvKwpdUliHx0d,0.0,5,0.0561,-3.763,  [verse 1] all that i want is to wake up fine tell me that i'm all right that i ain't gonna die all that i want is a hole in the ground you can tell me when it’s alright for me to come out  [chorus] (hard times) gonna make you wonder why you even try (hard times) gonna take you down and laugh when you cry (these lives) and i still don't know how i even survive (hard times) (hard times) and i gotta get to rock bottom (oof!)  [verse 2] walking around with my little rain cloud hanging over my head and it ain’t coming down where do i go? gimme some sort of sign you hit me with lightning! maybe i’ll come alive  [chorus] (hard times) gonna make you wonder why you even try (hard times) gonna take you down and laugh when you cry (these lives) and i still don't know how i even survive (hard times) (hard times) and i gotta hit rock bottom (oof!)  [bridge] tell my friends i’m coming down we'll kick it when i hit the ground tell my friends i’m coming down we'll kick it when i hit the ground when i hit the ground when i hit the ground when i hit the ground when i hit the ground  [chorus] (hard times) gonna make you wonder why you even try (hard times) gonna take you down and laugh when you cry (these lives) and i still don't know how i even survive (hard times) hard times (hard times) hard times  (hard times) gonna make you wonder why you even try (hard times) gonna take you down and laugh when you cry (these lives) and i still don't know how i even survive (hard times) hard times (hard times)  [outro] hard times makes you wonder why you even try makes you wonder why you even try makes you wonder why you even try makes you wonder hard times still don't know how i even survive still don't know how i even survive still don't know how i even survive still don't know how i survive and i gotta get to rock bottom (oof!)  ,https://api.spotify.com/v1/Paramore-hard-times-lyrics,1,After Laughter,False,0w5Bdu51Ka25Pf3hojsKHh,71,https://p.scdn.co/mp3-preview/1ae8a68052ecd129428710e12a0be397273d7d97?cid=774b29d4f13844c495f206cafdad9c86,Hard Times,0.044,136.01,4,https://api.spotify.com/v1/tracks/1yjY7rpaAQvKwpdUliHx0d,audio_features,spotify:track:1yjY7rpaAQvKwpdUliHx0d,0.765
0.0098,https://api.spotify.com/v1/audio-analysis/1yjY7rpaAQvKwpdUliHx0d,4622972,"['candy pop', 'emo', 'pixie', 'pop emo', 'pop punk']",Paramore,78,0.602,216013,0.923,"{'status': 401, 'message': 'Invalid access token'}",1yjY7rpaAQvKwpdUliHx0d,0.0,5,0.0561,-3.763,  [verse 1] all that i want is to wake up fine tell me that i'm all right that i ain't gonna die all that i want is a hole in the ground you can tell me when it’s alright for me to come out  [chorus] (hard times) gonna make you wonder why you even try (hard times) gonna take you down and laugh when you cry (these lives) and i still don't know how i even survive (hard times) (hard times) and i gotta get to rock bottom (oof!)  [verse 2] walking around with my little rain cloud hanging over my head and it ain’t coming down where do i go? gimme some sort of sign you hit me with lightning! maybe i’ll come alive  [chorus] (hard times) gonna make you wonder why you even try (hard times) gonna take you down and laugh when you cry (these lives) and i still don't know how i even survive (hard times) (hard times) and i gotta hit rock bottom (oof!)  [bridge] tell my friends i’m coming down we'll kick it when i hit the ground tell my friends i’m coming down we'll kick it when i hit the ground when i hit the ground when i hit the ground when i hit the ground when i hit the ground  [chorus] (hard times) gonna make you wonder why you even try (hard times) gonna take you down and laugh when you cry (these lives) and i still don't know how i even survive (hard times) hard times (hard times) hard times  (hard times) gonna make you wonder why you even try (hard times) gonna take you down and laugh when you cry (these lives) and i still don't know how i even survive (hard times) hard times (hard times)  [outro] hard times makes you wonder why you even try makes you wonder why you even try makes you wonder why you even try makes you wonder hard times still don't know how i even survive still don't know how i even survive still don't know how i even survive still don't know how i survive and i gotta get to rock bottom (oof!)  ,https://api.spotify.com/v1/Paramore-hard-times-lyrics,1,After Laughter,False,0w5Bdu51Ka25Pf3hojsKHh,71,https://p.scdn.co/mp3-preview/1ae8a68052ecd129428710e12a0be397273d7d97?cid=774b29d4f13844c495f206cafdad9c86,Hard Times,0.044,136.01,4,https://api.spotify.com/v1/tracks/1yjY7rpaAQvKwpdUliHx0d,audio_features,spotify:track:1yjY7rpaAQvKwpdUliHx0d,0.765
0.162,https://api.spotify.com/v1/audio-analysis/6G0FACzGN80Dj2v4ass5rq,135121,"['emo rap', 'vapor trap']",iann dior,75,0.677,136568,0.714,"{'status': 401, 'message': 'Invalid access token'}",6G0FACzGN80Dj2v4ass5rq,0.0,11,0.0717,-5.637,"  [intro: siri] hi, i'm looking for molly i've been searching everywhere  [chorus: siri] and i can't seem to find molly, molly, molly, molly, molly, molly, molly, molly molly, molly, molly, molly, molly, molly, molly, molly (fucked around and fell in love with her)  [verse 1: tyga] bands all in my dollars i'm everywhere its poppin' can't fall in love i got options i'm high school that's college king gold chains, that's notre dame that green, yeah i got it i show up in the party like where the fuck that molly o-d we're o-g's we don't fuck with no police i'm too fly to be low key them 24 inch kobes all black that's jodeci she gimme pussy that's josie broke niggas stop beggin' me cause that's the shit that i don't need i'm swervin', i'm drivin' ain't got time to be tired i'm super turnt, don't try me killin' yo mind off and fuckin' yo body bitch wanna flick, pose for my posse got too much shit to worry about gossip i'm on a bad trip  [chorus: siri] and i can't seem to find molly, molly, molly, molly, molly, molly, molly, molly molly, molly, molly, molly, molly, molly, molly, molly (fucked around and fell in love with her)  [verse 2: wiz khalifa] lil' bitch, my section is important my new car's imported my bank account is enormous weed so loud it's distorted got champagne and we pourin' it she poppin' it and she snortin' it my iphone recordin' it, if i want it, i can afford it bitch i'm young khalifa, fillin' my lungs with reefer somewhere in the clouds, gotta press up to see us i gotta whip so fast that i caught a ticket speedin' and my bitch so bad that i'm never ever cheatin' i might pull up in some shit that you've never ever seen and if i said how much i made, then you won't even believe it me and t-y gettin' gnarly when we pull up to the party brought a whole pound of mary  [chorus: siri] and i can't seem to find molly, molly, molly, molly, molly, molly, molly, molly molly, molly, molly, molly, molly, molly, molly, molly (fucked around and fell in love with her)  [verse 3: mally mall] put it in my drink, put it in my drink put it in my drink, you already know put it in my drink, put it in my drink put it in my drink, you already know she had me smokin', had me smokin' smokin' on my reefer she had me smokin', had me smokin' smokin' on my reefer  [chorus: siri] and i can't seem to find molly, molly, molly, molly, molly, molly, molly, molly molly, molly, molly, molly, molly, molly, molly, molly (fucked around and fell in love with her)  ",https://api.spotify.com/v1/Tyga-molly-lyrics,1,nothings ever good enough,True,0q0Vsy1SHdUSrR7TJGNAVn,74,https://p.scdn.co/mp3-preview/43b46c6749fb2dfe8ed57bc71303c5480c43c4b9?cid=774b29d4f13844c495f206cafdad9c86,molly,0.0287,94.956,4,https://api.spotify.com/v1/tracks/6G0FACzGN80Dj2v4ass5rq,audio_features,spotify:track:6G0FACzGN80Dj2v4ass5rq,0.355
0.162,https://api.spotify.com/v1/audio-analysis/6G0FACzGN80Dj2v4ass5rq,135121,"['emo rap', 'vapor trap']",iann dior,75,0.677,136568,0.714,"{'status': 401, 'message': 'Invalid access token'}",6G0FACzGN80Dj2v4ass5rq,0.0,11,0.0717,-5.637,"  [intro: siri] hi, i'm looking for molly i've been searching everywhere  [chorus: siri] and i can't seem to find molly, molly, molly, molly, molly, molly, molly, molly molly, molly, molly, molly, molly, molly, molly, molly (fucked around and fell in love with her)  [verse 1: tyga] bands all in my dollars i'm everywhere its poppin' can't fall in love i got options i'm high school that's college king gold chains, that's notre dame that green, yeah i got it i show up in the party like where the fuck that molly o-d we're o-g's we don't fuck with no police i'm too fly to be low key them 24 inch kobes all black that's jodeci she gimme pussy that's josie broke niggas stop beggin' me cause that's the shit that i don't need i'm swervin', i'm drivin' ain't got time to be tired i'm super turnt, don't try me killin' yo mind off and fuckin' yo body bitch wanna flick, pose for my posse got too much shit to worry about gossip i'm on a bad trip  [chorus: siri] and i can't seem to find molly, molly, molly, molly, molly, molly, molly, molly molly, molly, molly, molly, molly, molly, molly, molly (fucked around and fell in love with her)  [verse 2: wiz khalifa] lil' bitch, my section is important my new car's imported my bank account is enormous weed so loud it's distorted got champagne and we pourin' it she poppin' it and she snortin' it my iphone recordin' it, if i want it, i can afford it bitch i'm young khalifa, fillin' my lungs with reefer somewhere in the clouds, gotta press up to see us i gotta whip so fast that i caught a ticket speedin' and my bitch so bad that i'm never ever cheatin' i might pull up in some shit that you've never ever seen and if i said how much i made, then you won't even believe it me and t-y gettin' gnarly when we pull up to the party brought a whole pound of mary  [chorus: siri] and i can't seem to find molly, molly, molly, molly, molly, molly, molly, molly molly, molly, molly, molly, molly, molly, molly, molly (fucked around and fell in love with her)  [verse 3: mally mall] put it in my drink, put it in my drink put it in my drink, you already know put it in my drink, put it in my drink put it in my drink, you already know she had me smokin', had me smokin' smokin' on my reefer she had me smokin', had me smokin' smokin' on my reefer  [chorus: siri] and i can't seem to find molly, molly, molly, molly, molly, molly, molly, molly molly, molly, molly, molly, molly, molly, molly, molly (fucked around and fell in love with her)  ",https://api.spotify.com/v1/Tyga-molly-lyrics,1,nothings ever good enough,True,0q0Vsy1SHdUSrR7TJGNAVn,74,https://p.scdn.co/mp3-preview/43b46c6749fb2dfe8ed57bc71303c5480c43c4b9?cid=774b29d4f13844c495f206cafdad9c86,molly,0.0287,94.956,4,https://api.spotify.com/v1/tracks/6G0FACzGN80Dj2v4ass5rq,audio_features,spotify:track:6G0FACzGN80Dj2v4ass5rq,0.355
0.162,https://api.spotify.com/v1/audio-analysis/6G0FACzGN80Dj2v4ass5rq,135121,"['emo rap', 'vapor trap']",iann dior,75,0.677,136568,0.714,"{'status': 401, 'message': 'Invalid access token'}",6G0FACzGN80Dj2v4ass5rq,0.0,11,0.0717,-5.637,"  [intro: siri] hi, i'm looking for molly i've been searching everywhere  [chorus: siri] and i can't seem to find molly, molly, molly, molly, molly, molly, molly, molly molly, molly, molly, molly, molly, molly, molly, molly (fucked around and fell in love with her)  [verse 1: tyga] bands all in my dollars i'm everywhere its poppin' can't fall in love i got options i'm high school that's college king gold chains, that's notre dame that green, yeah i got it i show up in the party like where the fuck that molly o-d we're o-g's we don't fuck with no police i'm too fly to be low key them 24 inch kobes all black that's jodeci she gimme pussy that's josie broke niggas stop beggin' me cause that's the shit that i don't need i'm swervin', i'm drivin' ain't got time to be tired i'm super turnt, don't try me killin' yo mind off and fuckin' yo body bitch wanna flick, pose for my posse got too much shit to worry about gossip i'm on a bad trip  [chorus: siri] and i can't seem to find molly, molly, molly, molly, molly, molly, molly, molly molly, molly, molly, molly, molly, molly, molly, molly (fucked around and fell in love with her)  [verse 2: wiz khalifa] lil' bitch, my section is important my new car's imported my bank account is enormous weed so loud it's distorted got champagne and we pourin' it she poppin' it and she snortin' it my iphone recordin' it, if i want it, i can afford it bitch i'm young khalifa, fillin' my lungs with reefer somewhere in the clouds, gotta press up to see us i gotta whip so fast that i caught a ticket speedin' and my bitch so bad that i'm never ever cheatin' i might pull up in some shit that you've never ever seen and if i said how much i made, then you won't even believe it me and t-y gettin' gnarly when we pull up to the party brought a whole pound of mary  [chorus: siri] and i can't seem to find molly, molly, molly, molly, molly, molly, molly, molly molly, molly, molly, molly, molly, molly, molly, molly (fucked around and fell in love with her)  [verse 3: mally mall] put it in my drink, put it in my drink put it in my drink, you already know put it in my drink, put it in my drink put it in my drink, you already know she had me smokin', had me smokin' smokin' on my reefer she had me smokin', had me smokin' smokin' on my reefer  [chorus: siri] and i can't seem to find molly, molly, molly, molly, molly, molly, molly, molly molly, molly, molly, molly, molly, molly, molly, molly (fucked around and fell in love with her)  ",https://api.spotify.com/v1/Tyga-molly-lyrics,1,nothings ever good enough,True,0q0Vsy1SHdUSrR7TJGNAVn,74,https://p.scdn.co/mp3-preview/43b46c6749fb2dfe8ed57bc71303c5480c43c4b9?cid=774b29d4f13844c495f206cafdad9c86,molly,0.0287,94.956,4,https://api.spotify.com/v1/tracks/6G0FACzGN80Dj2v4ass5rq,audio_features,spotify:track:6G0FACzGN80Dj2v4ass5rq,0.355
0.0302,https://api.spotify.com/v1/audio-analysis/2LskIZrCeLxRvCiGP8gxlh,5984354,"['emo rap', 'miami hip hop', 'trap music']",Lil Pump,80,0.703,198903,0.723,"{'status': 401, 'message': 'Invalid access token'}",2LskIZrCeLxRvCiGP8gxlh,2.06e-06,9,0.126,-5.45,"  [intro] yuh, ooh, brr, brr gucci gang, ooh (that's it right there, gnealz) yuh, lil pump, yuh gucci gang, ooh (ooh, bi-bighead on the beat) yuh, brr  [chorus] gucci gang, gucci gang, gucci gang, gucci gang (gucci gang) gucci gang, gucci gang, gucci gang (gucci gang) spend three racks on a new chain (yuh) my bitch love do cocaine, ooh (ooh) i fuck a bitch, i forgot her name (brr, yuh) i can't buy a bitch no wedding ring (ooh) rather go and buy balmains (brr) gucci gang, gucci gang, gucci gang (gucci gang) gucci gang, gucci gang, gucci gang, gucci gang (gucci gang) gucci gang, gucci gang, gucci gang (gucci gang) spend three racks on a new chain (huh?) my bitch love do cocaine, ooh (brr) i fuck a bitch, i forgot her name, yuh (yuh, yuh) i can't buy no bitch no wedding ring, ooh (nope) rather go and buy balmains, ayy (brr) gucci gang, gucci gang, gucci gang (gucci gang)  [verse] my lean cost more than your rent, ooh (it do) your momma still live in a tent, yuh (brr) still slangin' dope in the 'jects, huh? (yeah) me and my grandma take meds, ooh (huh?) none of this shit be new to me (nope) fuckin' my teacher, call it tutoring (yuh) bought some red bottoms, cost hella gs (huh?) fuck your airline, fuck your company (fuck it!) bitch, your breath smell like some cigarettes (cigarettes) i'd rather fuck a bitch from the projects (yuh) they kicked me out the plane off a percocet (brr) now lil pump flyin' private jet (yuh) everybody scream, ""fuck westjet"" (fuck 'em) lil pump still sell that meth (yuh) hunnid on my wrist, sippin' on tech (brr) fuck a lil' bitch, make her pussy wet (what?)  [chorus] gucci gang, gucci gang, gucci gang, gucci gang (gucci gang) gucci gang, gucci gang, gucci gang (gucci gang) spend three racks on a new chain (huh?) my bitch love do cocaine, ooh (yuh) i fuck a bitch, i forgot her name (brr) i can't buy a bitch no wedding ring (huh?) rather go and buy balmains (yuh) gucci gang, gucci gang, gucci gang (gucci gang) gucci gang, gucci gang, gucci gang, gucci gang gucci gang, gucci gang, gucci gang (gucci gang) spend three racks on a new chain (huh?) my bitch love do cocaine, ooh (brr) i fuck a bitch, i forgot her name, yuh (yuh) i can't buy no bitch no wedding ring, ooh (nope) rather go and buy balmains, ayy (huh?) gucci gang, gucci gang, gucci gang  ",https://api.spotify.com/v1/Lil-pump-gucci-gang-lyrics,0,Lil Pump,True,43ZyHQITOjhciSUUNPVRHc,74,https://p.scdn.co/mp3-preview/c1136bf2d8c9c35a8b4e519ebca83813e8dfd180?cid=774b29d4f13844c495f206cafdad9c86,Gucci Gang,0.0412,104.969,4,https://api.spotify.com/v1/tracks/2LskIZrCeLxRvCiGP8gxlh,audio_features,spotify:track:2LskIZrCeLxRvCiGP8gxlh,0.288
0.0302,https://api.spotify.com/v1/audio-analysis/2LskIZrCeLxRvCiGP8gxlh,5984354,"['emo rap', 'miami hip hop', 'trap music']",Lil Pump,80,0.703,198903,0.723,"{'status': 401, 'message': 'Invalid access token'}",2LskIZrCeLxRvCiGP8gxlh,2.06e-06,9,0.126,-5.45,"  [intro] yuh, ooh, brr, brr gucci gang, ooh (that's it right there, gnealz) yuh, lil pump, yuh gucci gang, ooh (ooh, bi-bighead on the beat) yuh, brr  [chorus] gucci gang, gucci gang, gucci gang, gucci gang (gucci gang) gucci gang, gucci gang, gucci gang (gucci gang) spend three racks on a new chain (yuh) my bitch love do cocaine, ooh (ooh) i fuck a bitch, i forgot her name (brr, yuh) i can't buy a bitch no wedding ring (ooh) rather go and buy balmains (brr) gucci gang, gucci gang, gucci gang (gucci gang) gucci gang, gucci gang, gucci gang, gucci gang (gucci gang) gucci gang, gucci gang, gucci gang (gucci gang) spend three racks on a new chain (huh?) my bitch love do cocaine, ooh (brr) i fuck a bitch, i forgot her name, yuh (yuh, yuh) i can't buy no bitch no wedding ring, ooh (nope) rather go and buy balmains, ayy (brr) gucci gang, gucci gang, gucci gang (gucci gang)  [verse] my lean cost more than your rent, ooh (it do) your momma still live in a tent, yuh (brr) still slangin' dope in the 'jects, huh? (yeah) me and my grandma take meds, ooh (huh?) none of this shit be new to me (nope) fuckin' my teacher, call it tutoring (yuh) bought some red bottoms, cost hella gs (huh?) fuck your airline, fuck your company (fuck it!) bitch, your breath smell like some cigarettes (cigarettes) i'd rather fuck a bitch from the projects (yuh) they kicked me out the plane off a percocet (brr) now lil pump flyin' private jet (yuh) everybody scream, ""fuck westjet"" (fuck 'em) lil pump still sell that meth (yuh) hunnid on my wrist, sippin' on tech (brr) fuck a lil' bitch, make her pussy wet (what?)  [chorus] gucci gang, gucci gang, gucci gang, gucci gang (gucci gang) gucci gang, gucci gang, gucci gang (gucci gang) spend three racks on a new chain (huh?) my bitch love do cocaine, ooh (yuh) i fuck a bitch, i forgot her name (brr) i can't buy a bitch no wedding ring (huh?) rather go and buy balmains (yuh) gucci gang, gucci gang, gucci gang (gucci gang) gucci gang, gucci gang, gucci gang, gucci gang gucci gang, gucci gang, gucci gang (gucci gang) spend three racks on a new chain (huh?) my bitch love do cocaine, ooh (brr) i fuck a bitch, i forgot her name, yuh (yuh) i can't buy no bitch no wedding ring, ooh (nope) rather go and buy balmains, ayy (huh?) gucci gang, gucci gang, gucci gang  ",https://api.spotify.com/v1/Lil-pump-gucci-gang-lyrics,0,Lil Pump,True,43ZyHQITOjhciSUUNPVRHc,74,https://p.scdn.co/mp3-preview/c1136bf2d8c9c35a8b4e519ebca83813e8dfd180?cid=774b29d4f13844c495f206cafdad9c86,Gucci Gang,0.0412,104.969,4,https://api.spotify.com/v1/tracks/2LskIZrCeLxRvCiGP8gxlh,audio_features,spotify:track:2LskIZrCeLxRvCiGP8gxlh,0.288
0.0302,https://api.spotify.com/v1/audio-analysis/2LskIZrCeLxRvCiGP8gxlh,5984354,"['emo rap', 'miami hip hop', 'trap music']",Lil Pump,80,0.703,198903,0.723,"{'status': 401, 'message': 'Invalid access token'}",2LskIZrCeLxRvCiGP8gxlh,2.06e-06,9,0.126,-5.45,"  [intro] yuh, ooh, brr, brr gucci gang, ooh (that's it right there, gnealz) yuh, lil pump, yuh gucci gang, ooh (ooh, bi-bighead on the beat) yuh, brr  [chorus] gucci gang, gucci gang, gucci gang, gucci gang (gucci gang) gucci gang, gucci gang, gucci gang (gucci gang) spend three racks on a new chain (yuh) my bitch love do cocaine, ooh (ooh) i fuck a bitch, i forgot her name (brr, yuh) i can't buy a bitch no wedding ring (ooh) rather go and buy balmains (brr) gucci gang, gucci gang, gucci gang (gucci gang) gucci gang, gucci gang, gucci gang, gucci gang (gucci gang) gucci gang, gucci gang, gucci gang (gucci gang) spend three racks on a new chain (huh?) my bitch love do cocaine, ooh (brr) i fuck a bitch, i forgot her name, yuh (yuh, yuh) i can't buy no bitch no wedding ring, ooh (nope) rather go and buy balmains, ayy (brr) gucci gang, gucci gang, gucci gang (gucci gang)  [verse] my lean cost more than your rent, ooh (it do) your momma still live in a tent, yuh (brr) still slangin' dope in the 'jects, huh? (yeah) me and my grandma take meds, ooh (huh?) none of this shit be new to me (nope) fuckin' my teacher, call it tutoring (yuh) bought some red bottoms, cost hella gs (huh?) fuck your airline, fuck your company (fuck it!) bitch, your breath smell like some cigarettes (cigarettes) i'd rather fuck a bitch from the projects (yuh) they kicked me out the plane off a percocet (brr) now lil pump flyin' private jet (yuh) everybody scream, ""fuck westjet"" (fuck 'em) lil pump still sell that meth (yuh) hunnid on my wrist, sippin' on tech (brr) fuck a lil' bitch, make her pussy wet (what?)  [chorus] gucci gang, gucci gang, gucci gang, gucci gang (gucci gang) gucci gang, gucci gang, gucci gang (gucci gang) spend three racks on a new chain (huh?) my bitch love do cocaine, ooh (yuh) i fuck a bitch, i forgot her name (brr) i can't buy a bitch no wedding ring (huh?) rather go and buy balmains (yuh) gucci gang, gucci gang, gucci gang (gucci gang) gucci gang, gucci gang, gucci gang, gucci gang gucci gang, gucci gang, gucci gang (gucci gang) spend three racks on a new chain (huh?) my bitch love do cocaine, ooh (brr) i fuck a bitch, i forgot her name, yuh (yuh) i can't buy no bitch no wedding ring, ooh (nope) rather go and buy balmains, ayy (huh?) gucci gang, gucci gang, gucci gang  ",https://api.spotify.com/v1/Lil-pump-gucci-gang-lyrics,0,Lil Pump,True,43ZyHQITOjhciSUUNPVRHc,74,https://p.scdn.co/mp3-preview/c1136bf2d8c9c35a8b4e519ebca83813e8dfd180?cid=774b29d4f13844c495f206cafdad9c86,Gucci Gang,0.0412,104.969,4,https://api.spotify.com/v1/tracks/2LskIZrCeLxRvCiGP8gxlh,audio_features,spotify:track:2LskIZrCeLxRvCiGP8gxlh,0.288
0.217,https://api.spotify.com/v1/audio-analysis/56TOfxnRzSRbFRw8J6C4IT,166371,['emo rap'],Josh A,70,0.372,181728,0.656,"{'status': 401, 'message': 'Invalid access token'}",56TOfxnRzSRbFRw8J6C4IT,0.0,1,0.418,-6.086,"  [verse 1: jake hill] i just wanna wake up and feel weightless most of the time i hate this post up all the time with a fake grin and inside it's rainin', i can't seem to find the rays peek through the dark, see better days i know it's comin' just don't know when wonderin' when i'll laugh again and really fuckin' mean it straight to the depths, i've fuckin' seen it hell and back that's where i been i tell 'em that with a pad n' pen these days i stay low tell me, where's my raincoat? gotta face the day like usual these demons, yeah, i'm used to 'em won't let 'em get used to me wish i was how i used to be so carefree, so optimistic never took a moment to stop and listen, i wish for time back, i really gotta stop that 'cause livin' in the past is so exhausting i'm gettin' older, it's never stoppin' yeah, break down crawl in the bed, face down is it all in my head? am i safe now? does anybody else relate? wow so many that are just like me but still i feel so alone at sea the waves rush in i'm cavin' in i just wanna fuckin' breathe  [hook: jake hill] can anybody out there hear me? is anybody out there near me? i don't wanna wake up scared i been runnin' from this endless nightmare  [verse 2: josh a] i just wanna wake up with a calm soul wish i could overcome my obstacles always feel right through the coals wish the world could find a common goal but i, work through the night, and i see that most people don't like the feedback most people don't really care and most people aren't really there so the darkness is my solace and the studio is my office try to help out all my friends but had to learn that some just don't want it so i, try to move on, keep it goin' always write new songs take a break and then come back strong only path that i've known too long yuh  [hook: jake hill] can anybody out there hear me? is anybody out there near me? i don't wanna wake up scared i been runnin' from this endless nightmare  can anybody out there hear me? is anybody out there near me? i don't wanna wake up scared i been runnin' from this endless nightmare  ",https://api.spotify.com/v1/Josh-a-and-jake-hill-endless-nightmare-lyrics,1,Chaos,True,2CHuu85IjdomB4wPkDwoZp,62,https://p.scdn.co/mp3-preview/127f96ec299e2286c7d0b970b014d0a2f52c1e0d?cid=774b29d4f13844c495f206cafdad9c86,Endless Nightmare,0.0776,140.171,4,https://api.spotify.com/v1/tracks/56TOfxnRzSRbFRw8J6C4IT,audio_features,spotify:track:56TOfxnRzSRbFRw8J6C4IT,0.15
0.217,https://api.spotify.com/v1/audio-analysis/56TOfxnRzSRbFRw8J6C4IT,166371,['emo rap'],Josh A,70,0.372,181728,0.656,"{'status': 401, 'message': 'Invalid access token'}",56TOfxnRzSRbFRw8J6C4IT,0.0,1,0.418,-6.086,"  [verse 1: jake hill] i just wanna wake up and feel weightless most of the time i hate this post up all the time with a fake grin and inside it's rainin', i can't seem to find the rays peek through the dark, see better days i know it's comin' just don't know when wonderin' when i'll laugh again and really fuckin' mean it straight to the depths, i've fuckin' seen it hell and back that's where i been i tell 'em that with a pad n' pen these days i stay low tell me, where's my raincoat? gotta face the day like usual these demons, yeah, i'm used to 'em won't let 'em get used to me wish i was how i used to be so carefree, so optimistic never took a moment to stop and listen, i wish for time back, i really gotta stop that 'cause livin' in the past is so exhausting i'm gettin' older, it's never stoppin' yeah, break down crawl in the bed, face down is it all in my head? am i safe now? does anybody else relate? wow so many that are just like me but still i feel so alone at sea the waves rush in i'm cavin' in i just wanna fuckin' breathe  [hook: jake hill] can anybody out there hear me? is anybody out there near me? i don't wanna wake up scared i been runnin' from this endless nightmare  [verse 2: josh a] i just wanna wake up with a calm soul wish i could overcome my obstacles always feel right through the coals wish the world could find a common goal but i, work through the night, and i see that most people don't like the feedback most people don't really care and most people aren't really there so the darkness is my solace and the studio is my office try to help out all my friends but had to learn that some just don't want it so i, try to move on, keep it goin' always write new songs take a break and then come back strong only path that i've known too long yuh  [hook: jake hill] can anybody out there hear me? is anybody out there near me? i don't wanna wake up scared i been runnin' from this endless nightmare  can anybody out there hear me? is anybody out there near me? i don't wanna wake up scared i been runnin' from this endless nightmare  ",https://api.spotify.com/v1/Josh-a-and-jake-hill-endless-nightmare-lyrics,1,Chaos,True,2CHuu85IjdomB4wPkDwoZp,62,https://p.scdn.co/mp3-preview/127f96ec299e2286c7d0b970b014d0a2f52c1e0d?cid=774b29d4f13844c495f206cafdad9c86,Endless Nightmare,0.0776,140.171,4,https://api.spotify.com/v1/tracks/56TOfxnRzSRbFRw8J6C4IT,audio_features,spotify:track:56TOfxnRzSRbFRw8J6C4IT,0.15
0.217,https://api.spotify.com/v1/audio-analysis/56TOfxnRzSRbFRw8J6C4IT,166371,['emo rap'],Josh A,70,0.372,181728,0.656,"{'status': 401, 'message': 'Invalid access token'}",56TOfxnRzSRbFRw8J6C4IT,0.0,1,0.418,-6.086,"  [verse 1: jake hill] i just wanna wake up and feel weightless most of the time i hate this post up all the time with a fake grin and inside it's rainin', i can't seem to find the rays peek through the dark, see better days i know it's comin' just don't know when wonderin' when i'll laugh again and really fuckin' mean it straight to the depths, i've fuckin' seen it hell and back that's where i been i tell 'em that with a pad n' pen these days i stay low tell me, where's my raincoat? gotta face the day like usual these demons, yeah, i'm used to 'em won't let 'em get used to me wish i was how i used to be so carefree, so optimistic never took a moment to stop and listen, i wish for time back, i really gotta stop that 'cause livin' in the past is so exhausting i'm gettin' older, it's never stoppin' yeah, break down crawl in the bed, face down is it all in my head? am i safe now? does anybody else relate? wow so many that are just like me but still i feel so alone at sea the waves rush in i'm cavin' in i just wanna fuckin' breathe  [hook: jake hill] can anybody out there hear me? is anybody out there near me? i don't wanna wake up scared i been runnin' from this endless nightmare  [verse 2: josh a] i just wanna wake up with a calm soul wish i could overcome my obstacles always feel right through the coals wish the world could find a common goal but i, work through the night, and i see that most people don't like the feedback most people don't really care and most people aren't really there so the darkness is my solace and the studio is my office try to help out all my friends but had to learn that some just don't want it so i, try to move on, keep it goin' always write new songs take a break and then come back strong only path that i've known too long yuh  [hook: jake hill] can anybody out there hear me? is anybody out there near me? i don't wanna wake up scared i been runnin' from this endless nightmare  can anybody out there hear me? is anybody out there near me? i don't wanna wake up scared i been runnin' from this endless nightmare  ",https://api.spotify.com/v1/Josh-a-and-jake-hill-endless-nightmare-lyrics,1,Chaos,True,2CHuu85IjdomB4wPkDwoZp,62,https://p.scdn.co/mp3-preview/127f96ec299e2286c7d0b970b014d0a2f52c1e0d?cid=774b29d4f13844c495f206cafdad9c86,Endless Nightmare,0.0776,140.171,4,https://api.spotify.com/v1/tracks/56TOfxnRzSRbFRw8J6C4IT,audio_features,spotify:track:56TOfxnRzSRbFRw8J6C4IT,0.15
